,mcc_code,mcc_code_male_frac,total,popularity
0,5967,100.0,35.0,0.0002914165341415285
1,7531,100.0,2.0,1.6652373379515917e-05
2,7629,100.0,4.0,3.3304746759031834e-05
3,1799,100.0,11.0,9.158805358733753e-05
4,5940,90.9090909090909,22.0,0.00018317610717467507
5,5733,90.0,10.0,8.326186689757957e-05
